{"cameraMode":{"drawMode":0,"name":"Shaded","section":"Shading Mode"},"sceneLighting":true,"audioPlay":false,"sceneViewState":{"showFog":true,"showMaterialUpdate":false,"showSkybox":true,"showFlares":true,"showImageEffects":true,"showParticleSystems":true},"in2DMode":false,"pivot":{"x":-1.2811318635940552,"y":2.6384644508361818,"z":-0.7996363043785095},"rotation":{"x":-0.03776197507977486,"y":0.047048479318618777,"z":-0.0017395955510437489,"w":-0.9982123970985413},"size":4.781317234039307,"orthographic":false}